-- ============================================================
-- Sunflower School — 10 Demo Students with Parents
-- Run in Supabase SQL Editor
-- ============================================================

-- ── Students ─────────────────────────────────────────────────
INSERT INTO students (id, school_id, admission_number, full_name, date_of_birth, gender, address, status, admission_date)
VALUES
  ('00000000-0000-0000-0003-000000000001', '00000000-0000-0000-0000-000000000001', 'SFS001', 'Aarav Sharma',      '2019-06-15', 'male',   '12 MG Road, Guwahati',       'active', '2024-04-01'),
  ('00000000-0000-0000-0003-000000000002', '00000000-0000-0000-0000-000000000001', 'SFS002', 'Priya Das',         '2019-03-22', 'female', '45 Paltan Bazar, Guwahati',  'active', '2024-04-01'),
  ('00000000-0000-0000-0003-000000000003', '00000000-0000-0000-0000-000000000001', 'SFS003', 'Rohan Bora',        '2018-09-10', 'male',   '7 Chandmari, Guwahati',      'active', '2023-04-01'),
  ('00000000-0000-0000-0003-000000000004', '00000000-0000-0000-0000-000000000001', 'SFS004', 'Sneha Kalita',      '2018-11-05', 'female', '23 Bhangagarh, Guwahati',    'active', '2023-04-01'),
  ('00000000-0000-0000-0003-000000000005', '00000000-0000-0000-0000-000000000001', 'SFS005', 'Arjun Deka',        '2017-07-19', 'male',   '9 Sixmile, Guwahati',        'active', '2022-04-01'),
  ('00000000-0000-0000-0003-000000000006', '00000000-0000-0000-0000-000000000001', 'SFS006', 'Ankita Gogoi',      '2017-02-28', 'female', '33 Nabin Nagar, Guwahati',   'active', '2022-04-01'),
  ('00000000-0000-0000-0003-000000000007', '00000000-0000-0000-0000-000000000001', 'SFS007', 'Rahul Baruah',      '2015-05-14', 'male',   '18 Zoo Road, Guwahati',      'active', '2020-04-01'),
  ('00000000-0000-0000-0003-000000000008', '00000000-0000-0000-0000-000000000001', 'SFS008', 'Nisha Saikia',      '2015-08-30', 'female', '5 Ulubari, Guwahati',        'active', '2020-04-01'),
  ('00000000-0000-0000-0003-000000000009', '00000000-0000-0000-0000-000000000001', 'SFS009', 'Dipak Choudhury',   '2013-12-01', 'male',   '71 Dispur, Guwahati',        'active', '2018-04-01'),
  ('00000000-0000-0000-0003-000000000010', '00000000-0000-0000-0000-000000000001', 'SFS010', 'Mousumi Hazarika',  '2013-04-17', 'female', '14 Khanapara, Guwahati',     'active', '2018-04-01')
ON CONFLICT DO NOTHING;

-- ── Enrollments (each student → matching class for their age) ─
INSERT INTO student_enrollments (student_id, class_section_id, academic_session_id, roll_number)
SELECT s.id, cs.id, sess.id, s.roll
FROM (VALUES
  ('00000000-0000-0000-0003-000000000001', 'LKG',      1),
  ('00000000-0000-0000-0003-000000000002', 'LKG',      2),
  ('00000000-0000-0000-0003-000000000003', 'UKG',      1),
  ('00000000-0000-0000-0003-000000000004', 'UKG',      2),
  ('00000000-0000-0000-0003-000000000005', 'Class 1',  1),
  ('00000000-0000-0000-0003-000000000006', 'Class 1',  2),
  ('00000000-0000-0000-0003-000000000007', 'Class 3',  1),
  ('00000000-0000-0000-0003-000000000008', 'Class 3',  2),
  ('00000000-0000-0000-0003-000000000009', 'Class 5',  1),
  ('00000000-0000-0000-0003-000000000010', 'Class 5',  2)
) AS s(id, class_name, roll)
JOIN classes c ON c.name = s.class_name AND c.school_id = '00000000-0000-0000-0000-000000000001'
JOIN class_sections cs ON cs.class_id = c.id AND cs.school_id = '00000000-0000-0000-0000-000000000001'
JOIN academic_sessions sess ON sess.school_id = '00000000-0000-0000-0000-000000000001' AND sess.is_active = true
ON CONFLICT DO NOTHING;

-- ── Parents ───────────────────────────────────────────────────
INSERT INTO parents (id, school_id, full_name, mobile_number, email, occupation)
VALUES
  ('00000000-0000-0000-0004-000000000001', '00000000-0000-0000-0000-000000000001', 'Rajesh Sharma',     '9864001001', 'rajesh.sharma@gmail.com',    'Engineer'),
  ('00000000-0000-0000-0004-000000000002', '00000000-0000-0000-0000-000000000001', 'Sunita Sharma',     '9864001002', 'sunita.sharma@gmail.com',    'Teacher'),
  ('00000000-0000-0000-0004-000000000003', '00000000-0000-0000-0000-000000000001', 'Bikash Das',        '9864001003', 'bikash.das@gmail.com',       'Business'),
  ('00000000-0000-0000-0004-000000000004', '00000000-0000-0000-0000-000000000001', 'Mina Bora',         '9864001004', null,                         'Homemaker'),
  ('00000000-0000-0000-0004-000000000005', '00000000-0000-0000-0000-000000000001', 'Pranab Kalita',     '9864001005', 'pranab.kalita@gmail.com',    'Doctor'),
  ('00000000-0000-0000-0004-000000000006', '00000000-0000-0000-0000-000000000001', 'Ritu Deka',         '9864001006', null,                         'Homemaker'),
  ('00000000-0000-0000-0004-000000000007', '00000000-0000-0000-0000-000000000001', 'Hemanta Gogoi',     '9864001007', 'hemanta.gogoi@gmail.com',    'Government Service'),
  ('00000000-0000-0000-0004-000000000008', '00000000-0000-0000-0000-000000000001', 'Pankaj Baruah',     '9864001008', 'pankaj.baruah@gmail.com',    'Businessman'),
  ('00000000-0000-0000-0004-000000000009', '00000000-0000-0000-0000-000000000001', 'Rekha Saikia',      '9864001009', null,                         'Homemaker'),
  ('00000000-0000-0000-0004-000000000010', '00000000-0000-0000-0000-000000000001', 'Dilip Choudhury',   '9864001010', 'dilip.choudhury@gmail.com',  'Advocate'),
  ('00000000-0000-0000-0004-000000000011', '00000000-0000-0000-0000-000000000001', 'Jayanta Hazarika',  '9864001011', 'jayanta.hazarika@gmail.com', 'Engineer')
ON CONFLICT DO NOTHING;

-- ── Parent-Student Links ──────────────────────────────────────
INSERT INTO parent_student_links (parent_id, student_id, relation, is_primary_contact)
VALUES
  ('00000000-0000-0000-0004-000000000001', '00000000-0000-0000-0003-000000000001', 'father',   true),
  ('00000000-0000-0000-0004-000000000002', '00000000-0000-0000-0003-000000000001', 'mother',   false),
  ('00000000-0000-0000-0004-000000000003', '00000000-0000-0000-0003-000000000002', 'father',   true),
  ('00000000-0000-0000-0004-000000000004', '00000000-0000-0000-0003-000000000003', 'mother',   true),
  ('00000000-0000-0000-0004-000000000005', '00000000-0000-0000-0003-000000000004', 'father',   true),
  ('00000000-0000-0000-0004-000000000006', '00000000-0000-0000-0003-000000000005', 'mother',   true),
  ('00000000-0000-0000-0004-000000000007', '00000000-0000-0000-0003-000000000006', 'father',   true),
  ('00000000-0000-0000-0004-000000000008', '00000000-0000-0000-0003-000000000007', 'father',   true),
  ('00000000-0000-0000-0004-000000000009', '00000000-0000-0000-0003-000000000008', 'mother',   true),
  ('00000000-0000-0000-0004-000000000010', '00000000-0000-0000-0003-000000000009', 'father',   true),
  ('00000000-0000-0000-0004-000000000011', '00000000-0000-0000-0003-000000000010', 'father',   true)
ON CONFLICT DO NOTHING;
